{"results":{"1":{"name":"Darnell Nurse","team":14,"predicted_point_pct":0.27727117329427087},"2":{"name":"Adam Fox","team":24,"predicted_point_pct":0.20931250965896986},"3":{"name":"Shea Theodore","team":34,"predicted_point_pct":0.2015024606620514},"4":{"name":"Kris Letang","team":27,"predicted_point_pct":0.15207726638149482},"5":{"name":"Samuel Girard","team":11,"predicted_point_pct":0.12813691476693917},"6":{"name":"John Carlson","team":37,"predicted_point_pct":0.12709235403778488},"7":{"name":"Victor Hedman","team":31,"predicted_point_pct":0.1154602394288778},"8":{"name":"Dougie Hamilton","team":6,"predicted_point_pct":0.10591220792130025},"9":{"name":"Devon Toews","team":11,"predicted_point_pct":0.10027222593821433},"10":{"name":"Drew Doughty","team":17,"predicted_point_pct":0.09997559829883798}}}